,Month,NDVI_mean,NDVI_std,NDWI_mean,NDWI_std,NDMI_mean,NDMI_std,Band_4_mean,Band_4_std,Band_5_mean,Band_5_std,Band_6_mean,Band_6_std,Band_7_mean,Band_7_std,Band_8_mean,Band_8_std,Band_9_mean,Band_9_std,Band_10_mean,Band_10_std,Band_11_mean,Band_11_std
0,2018-05-01,0.17939477,0.012196896,-0.29920426,0.010185364,-0.101670995,0.007382819,0.07917699,0.002367961,0.10882353,0.0031287186,0.16752926,0.0039910055,0.2161235,0.0058810455,0.31052262,0.0020555314,0.38086334,0.0063233096,0.30591536,0.008228339,0.0017728814,0.00014054007
1,2018-05-05,0.18536758,0.01009629,-0.31715044,0.008294182,-0.1033976,0.00643725,0.06795435,0.0018628971,0.098875254,0.002572163,0.15138602,0.003332977,0.20069629,0.0048650373,0.29196465,0.002098089,0.35934886,0.0060494165,0.28393996,0.00676903,0.001765672,5.3393742e-05
2,2018-05-09,0.1957562,0.0137705,-0.34330535,0.0114354985,-0.121830076,0.0051553687,0.0664633,0.0022906365,0.09465058,0.0036622237,0.14757232,0.0051517026,0.20305894,0.007596712,0.3017447,0.004194459,0.38550258,0.0072885933,0.30509743,0.0077462886,0.0017190559,6.5341905e-05
3,2018-05-13,0.16863269,0.0062654545,-0.2908322,0.00504777,-0.09715909,0.0035790866,0.06622937,0.0017593318,0.10371476,0.002141277,0.1630889,0.002537081,0.21119413,0.0036814432,0.29683766,0.0020784398,0.36074674,0.004352112,0.28280118,0.004876934,0.0022761181,4.2682943e-05
4,2018-05-17,0.17730391,0.008712905,-0.30471858,0.006666319,-0.118864134,0.0042396183,0.07022394,0.0026811028,0.100428514,0.0029620635,0.15313551,0.0034144644,0.20083055,0.0052192505,0.28732598,0.003733593,0.36484468,0.0043824175,0.28974718,0.00529988,0.0022032906,8.438255e-05
5,2018-05-21,0.1956531,0.013213742,-0.33431566,0.011580497,-0.13714401,0.0062698727,0.060461532,0.001957443,0.08796058,0.002933802,0.13817148,0.0038392423,0.18632759,0.0053348676,0.27688417,0.0020027552,0.36493388,0.0049996907,0.2989726,0.0073468178,0.0015485266,4.998035e-05
6,2018-05-25,0.1956531,0.013213742,-0.33431566,0.011580497,-0.13714401,0.0062698727,0.060461532,0.001957443,0.08796058,0.002933802,0.13817148,0.0038392423,0.18632759,0.0053348676,0.27688417,0.0020027552,0.36493388,0.0049996907,0.2989726,0.0073468178,0.0015485266,4.998035e-05
7,2018-05-29,0.17121343,0.008594352,-0.29780552,0.0066442387,-0.12482972,0.003346788,0.07301757,0.0026920922,0.102941215,0.0022939024,0.1570104,0.0026002745,0.20536028,0.004137837,0.29016262,0.0021055052,0.37293622,0.0027254003,0.29321945,0.0040401183,0.0017500068,5.0284056e-05
8,2018-06-01,0.17404938,0.009573278,-0.2969368,0.007990589,-0.12052191,0.0058658887,0.07238112,0.0022819156,0.10074436,0.002376195,0.15348366,0.002733521,0.19919997,0.0042092116,0.28311914,0.0033608777,0.3607128,0.0038198729,0.29679996,0.0045393314,0.0018703063,7.538481e-05
9,2018-06-05,,,,,,,,,,,,,,,,,,,,,,
10,2018-06-09,,,,,,,,,,,,,,,,,,,,,,
11,2018-06-13,0.2230704,0.012609086,-0.33138773,0.0114475675,-0.11235394,0.0071445243,0.072756425,0.0006390658,0.101344936,0.0034840626,0.1569494,0.0037965777,0.19853869,0.00501411,0.31247312,0.0011366699,0.3916131,0.005225118,0.31698066,0.007163474,0.0020794584,4.0395826e-05
12,2018-06-17,0.18701723,0.014232538,-0.2733266,0.011872896,-0.13377647,0.011866918,0.064498074,0.0007860825,0.089860916,0.0011416681,0.13930959,0.0010663919,0.1671941,0.0015618638,0.24419531,0.005988813,0.31955162,0.0023842934,0.25988215,0.004340308,0.0014159746,8.035022e-05
13,2018-06-21,,,,,,,,,,,,,,,,,,,,,,
14,2018-06-25,,,,,,,,,,,,,,,,,,,,,,
15,2018-06-29,,,,,,,,,,,,,,,,,,,,,,
16,2018-07-01,,,,,,,,,,,,,,,,,,,,,,
17,2018-07-05,0.24483211,0.02177404,-0.33707073,0.015736997,-0.15028715,0.016023193,0.060047634,0.0016127788,0.077691466,0.002039284,0.11977937,0.0016325562,0.14657718,0.0034638168,0.24168551,0.005737208,0.32712823,0.0033612112,0.25421077,0.0056295856,0.0025019723,7.959077e-05
18,2018-07-09,0.24483211,0.02177404,-0.33707073,0.015736997,-0.15028715,0.016023193,0.060047634,0.0016127788,0.077691466,0.002039284,0.11977937,0.0016325562,0.14657718,0.0034638168,0.24168551,0.005737208,0.32712823,0.0033612112,0.25421077,0.0056295856,0.0025019723,7.959077e-05
19,2018-07-13,,,,,,,,,,,,,,,,,,,,,,
20,2018-07-17,,,,,,,,,,,,,,,,,,,,,,
21,2018-07-21,,,,,,,,,,,,,,,,,,,,,,
22,2018-07-25,,,,,,,,,,,,,,,,,,,,,,
23,2018-07-29,,,,,,,,,,,,,,,,,,,,,,
24,2018-08-01,,,,,,,,,,,,,,,,,,,,,,
25,2018-08-05,,,,,,,,,,,,,,,,,,,,,,
26,2018-08-09,,,,,,,,,,,,,,,,,,,,,,
27,2018-08-13,,,,,,,,,,,,,,,,,,,,,,
28,2018-08-17,,,,,,,,,,,,,,,,,,,,,,
29,2018-08-21,,,,,,,,,,,,,,,,,,,,,,
30,2018-08-25,,,,,,,,,,,,,,,,,,,,,,
31,2018-08-29,,,,,,,,,,,,,,,,,,,,,,
32,2018-09-01,,,,,,,,,,,,,,,,,,,,,,
33,2018-09-05,,,,,,,,,,,,,,,,,,,,,,
34,2018-09-09,,,,,,,,,,,,,,,,,,,,,,
35,2018-09-13,0.6905522,0.008077309,-0.6191897,0.009034974,0.21433862,0.010564789,0.015698103,0.0015321568,0.027183581,0.0022587897,0.058370996,0.0023730882,0.045417108,0.0015833649,0.248189,0.008323077,0.16056938,0.0054673944,0.079748355,0.002903184,0.001563325,6.4731044e-05
36,2018-09-17,0.6905522,0.008077309,-0.6191897,0.009034974,0.21433862,0.010564789,0.015698103,0.0015321568,0.027183581,0.0022587897,0.058370996,0.0023730882,0.045417108,0.0015833649,0.248189,0.008323077,0.16056938,0.0054673944,0.079748355,0.002903184,0.001563325,6.4731044e-05
37,2018-09-21,,,,,,,,,,,,,,,,,,,,,,
38,2018-09-25,0.44021606,0.03710885,-0.46823022,0.025212547,-0.05843547,0.0297001,0.04711944,0.0012517013,0.057916284,0.0027285211,0.087467894,0.0032666023,0.093906984,0.005991158,0.24172933,0.008735816,0.2717001,0.00784594,0.18987237,0.009776371,0.0011636671,4.8038462e-05
39,2018-09-29,0.39384466,0.042353947,-0.45907596,0.028250428,-0.09195594,0.040277008,0.04653424,0.0027038024,0.059383933,0.0033285448,0.08814634,0.0032629773,0.103447564,0.0065608197,0.23813708,0.010881906,0.28636461,0.010935109,0.20598288,0.012355071,0.001438573,0.0001635266
40,2018-10-01,0.39384466,0.042353947,-0.45907596,0.028250428,-0.09195594,0.040277008,0.04653424,0.0027038024,0.059383933,0.0033285448,0.08814634,0.0032629773,0.103447564,0.0065608197,0.23813708,0.010881906,0.28636461,0.010935109,0.20598288,0.012355071,0.001438573,0.0001635266
41,2018-10-05,0.31782225,0.045992624,-0.40398765,0.032103933,-0.1360605,0.045657534,0.054017916,0.003205246,0.06690648,0.0042810277,0.100682184,0.004660489,0.12288452,0.008553718,0.23739253,0.009300846,0.31260705,0.017597318,0.24068898,0.01871443,0.00085912156,0.00016133048
42,2018-10-09,0.30302438,0.03897129,-0.40305933,0.028653914,-0.11732188,0.034508742,0.0488875,0.0015133569,0.0663942,0.0029060838,0.09955729,0.003579747,0.12524426,0.006666321,0.23425733,0.00902237,0.29660586,0.011224946,0.22719635,0.012319955,0.0016486694,4.997593e-05
43,2018-10-13,0.24803862,0.02107703,-0.35458973,0.018014923,-0.14288817,0.0151687935,0.050014853,0.0029032656,0.06730826,0.0021010789,0.09949974,0.0024020611,0.12583406,0.0033055898,0.20888531,0.0047232015,0.27852657,0.0048991116,0.22663487,0.0056440765,0.0012829502,3.783601e-05
44,2018-10-17,0.24803862,0.02107703,-0.35458973,0.018014923,-0.14288817,0.0151687935,0.050014853,0.0029032656,0.06730826,0.0021010789,0.09949974,0.0024020611,0.12583406,0.0033055898,0.20888531,0.0047232015,0.27852657,0.0048991116,0.22663487,0.0056440765,0.0012829502,3.783601e-05
45,2018-10-21,0.24333784,0.036642697,-0.35062274,0.027635833,-0.13726,0.030315608,0.049393535,0.0013186705,0.06290118,0.0023897407,0.09090381,0.003396341,0.11511726,0.0056992397,0.18928385,0.009009004,0.24944498,0.008518461,0.20088615,0.011444794,0.0013902268,0.00011226373
46,2018-10-25,0.23440358,0.044062227,-0.32279944,0.035961706,-0.13899516,0.037609104,0.04899845,0.0023612205,0.06457922,0.003509062,0.0988069,0.0044507096,0.11975912,0.0064826612,0.19341637,0.01240958,0.25559685,0.00895537,0.2103583,0.012248949,0.0009613077,0.00022512504
47,2018-10-29,,,,,,,,,,,,,,,,,,,,,,
48,2018-11-01,,,,,,,,,,,,,,,,,,,,,,
49,2018-11-05,0.25247902,0.019057175,-0.35141462,0.016264684,-0.13234556,0.01851323,0.03786398,0.003473228,0.057355564,0.0016070121,0.091036096,0.0022822542,0.11324375,0.0038375414,0.18974943,0.005430761,0.24765563,0.0070042196,0.20437317,0.010757229,0.001399994,5.936394e-09
50,2018-11-09,0.25312737,0.038088873,-0.3551061,0.031392775,-0.148149,0.03587355,0.044422917,0.0033565965,0.06200179,0.0037873439,0.09230922,0.0044669434,0.11564908,0.0061771446,0.19404557,0.0068270476,0.26174158,0.011680912,0.21880119,0.014371403,0.0011397429,4.8911734e-05
51,2018-11-13,0.2652938,0.02314813,-0.35462868,0.020516753,-0.14751269,0.022125913,0.043967076,0.0024028497,0.059688345,0.0034952401,0.088893175,0.0038996935,0.108350724,0.00479332,0.18650639,0.0034086055,0.25122043,0.009257322,0.20922455,0.01258032,0.0011430358,4.9526334e-05
52,2018-11-17,,,,,,,,,,,,,,,,,,,,,,
53,2018-11-21,,,,,,,,,,,,,,,,,,,,,,
54,2018-11-25,0.30932206,0.015320906,-0.38398618,0.012604953,-0.113838494,0.012640114,0.041952953,0.001305577,0.057754915,0.0018508899,0.08683039,0.0027695117,0.10291079,0.0035099224,0.19503249,0.0029446434,0.24520324,0.0062656635,0.19851209,0.00749024,0.0033820057,6.7415436e-05
55,2018-11-29,0.3689028,0.026573693,-0.42458287,0.02023174,-0.073013626,0.028528975,0.039181415,0.0020671412,0.054043435,0.0027353675,0.084662326,0.0034688476,0.09665741,0.0048467335,0.20963295,0.0064078923,0.24286844,0.011863812,0.19552687,0.011609981,0.0016966052,8.2398576e-05
56,2019-05-01,0.19663332,0.0184344,-0.32040706,0.015264336,-0.1427329,0.0082543325,0.06766942,0.0024644015,0.09685622,0.0045200977,0.14383024,0.0055468995,0.18766202,0.008201084,0.27933094,0.004537279,0.3723727,0.0070865583,0.30899712,0.008679049,0.0020313915,5.0367657e-05
57,2019-05-05,0.19663332,0.0184344,-0.32040706,0.015264336,-0.1427329,0.0082543325,0.06766942,0.0024644015,0.09685622,0.0045200977,0.14383024,0.0055468995,0.18766202,0.008201084,0.27933094,0.004537279,0.3723727,0.0070865583,0.30899712,0.008679049,0.0020313915,5.0367657e-05
58,2019-05-09,0.1965478,0.030774308,-0.32027876,0.023112167,-0.14042793,0.016626086,0.07135789,0.003171776,0.09788655,0.006492229,0.14603953,0.00833209,0.190598,0.012716107,0.28343296,0.007892789,0.37608278,0.0108396355,0.3115844,0.012630971,0.0015556755,4.9688308e-05
59,2019-05-13,0.19114472,0.018719668,-0.30607885,0.013430464,-0.13178793,0.009165376,0.06786983,0.00077735377,0.09677298,0.0033653432,0.14600514,0.005504622,0.18668059,0.008727907,0.27472144,0.0063345972,0.358115,0.007604062,0.29144233,0.008042555,0.0014481065,4.996654e-05
60,2019-05-17,0.18286103,0.022206627,-0.2848902,0.017508406,-0.13384071,0.014097108,0.0748173,0.003143912,0.10114615,0.004096833,0.15373117,0.0053709247,0.19089063,0.008414953,0.27618936,0.0066541494,0.36158156,0.009422444,0.29803124,0.010473904,0.0011646658,6.813184e-05
61,2019-05-21,0.18286103,0.022206627,-0.2848902,0.017508406,-0.13384071,0.014097108,0.0748173,0.003143912,0.10114615,0.004096833,0.15373117,0.0053709247,0.19089063,0.008414953,0.27618936,0.0066541494,0.36158156,0.009422444,0.29803124,0.010473904,0.0011646658,6.813184e-05
62,2019-05-25,0.18946171,0.009914815,-0.3076029,0.010161981,-0.12603022,0.014127274,0.04143049,0.0123321675,0.05731632,0.018445203,0.09022616,0.025792899,0.11623671,0.033428404,0.1703507,0.048365783,0.22088481,0.06631772,0.1719524,0.05686107,0.0018005128,0.00010789449
63,2019-05-29,,,,,,,,,,,,,,,,,,,,,,
64,2019-06-01,0.17826715,0.0110075995,-0.29280606,0.00897438,-0.12816621,0.0052483743,0.069682024,0.0018364766,0.099949814,0.0031100784,0.15102552,0.0038402241,0.19257349,0.005823479,0.2760474,0.0042633964,0.35720474,0.005131935,0.2953937,0.005976689,0.0013484929,5.2602332e-05
65,2019-06-05,0.19249786,0.019464834,-0.32058802,0.01610587,-0.14565425,0.010568238,0.07020921,0.003271272,0.095562845,0.004599227,0.14341502,0.005939917,0.18882373,0.009005889,0.2786391,0.006003391,0.37366572,0.008277807,0.31597257,0.00998164,0.0017354242,4.774493e-05
66,2019-06-09,0.19249786,0.019464834,-0.32058802,0.01610587,-0.14565425,0.010568238,0.07020921,0.003271272,0.095562845,0.004599227,0.14341502,0.005939917,0.18882373,0.009005889,0.2786391,0.006003391,0.37366572,0.008277807,0.31597257,0.00998164,0.0017354242,4.774493e-05
67,2019-06-13,0.21401109,0.016543737,-0.34203222,0.012718001,-0.15203361,0.008886914,0.062460925,0.001360137,0.084779724,0.0029415907,0.12930833,0.0038229171,0.17080173,0.006315491,0.26373333,0.0058865016,0.35827637,0.0061477683,0.28565082,0.0070642093,0.0008820725,6.60975e-05
68,2019-06-17,,,,,,,,,,,,,,,,,,,,,,
69,2019-06-21,0.20312913,0.020185018,-0.29727134,0.016116923,-0.1428685,0.014657549,0.07144167,0.0028968558,0.09698754,0.0037506411,0.14836499,0.004529893,0.18145657,0.0069449362,0.2738568,0.0049094395,0.3652314,0.009240948,0.29386047,0.011359388,0.0010358609,8.038163e-05
70,2019-06-25,,,,,,,,,,,,,,,,,,,,,,
71,2019-06-29,,,,,,,,,,,,,,,,,,,,,,
72,2019-07-01,,,,,,,,,,,,,,,,,,,,,,
73,2019-07-05,,,,,,,,,,,,,,,,,,,,,,
74,2019-07-09,,,,,,,,,,,,,,,,,,,,,,
75,2019-07-13,,,,,,,,,,,,,,,,,,,,,,
76,2019-07-17,,,,,,,,,,,,,,,,,,,,,,
77,2019-07-21,,,,,,,,,,,,,,,,,,,,,,
78,2019-07-25,,,,,,,,,,,,,,,,,,,,,,
79,2019-07-29,,,,,,,,,,,,,,,,,,,,,,
80,2019-08-01,,,,,,,,,,,,,,,,,,,,,,
81,2019-08-05,,,,,,,,,,,,,,,,,,,,,,
82,2019-08-09,,,,,,,,,,,,,,,,,,,,,,
83,2019-08-13,,,,,,,,,,,,,,,,,,,,,,
84,2019-08-17,,,,,,,,,,,,,,,,,,,,,,
85,2019-08-21,,,,,,,,,,,,,,,,,,,,,,
86,2019-08-25,,,,,,,,,,,,,,,,,,,,,,
87,2019-08-29,,,,,,,,,,,,,,,,,,,,,,
88,2019-09-01,,,,,,,,,,,,,,,,,,,,,,
89,2019-09-05,,,,,,,,,,,,,,,,,,,,,,
90,2019-09-09,,,,,,,,,,,,,,,,,,,,,,
91,2019-09-13,,,,,,,,,,,,,,,,,,,,,,
92,2019-09-17,,,,,,,,,,,,,,,,,,,,,,
93,2019-09-21,,,,,,,,,,,,,,,,,,,,,,
94,2019-09-25,,,,,,,,,,,,,,,,,,,,,,
95,2019-09-29,0.541987,0.031362604,-0.55015373,0.014216842,0.12946162,0.02580058,0.020022398,0.003140188,0.025982369,0.0029716836,0.05386069,0.002889339,0.055097982,0.003942588,0.1857494,0.01123254,0.1433081,0.010930423,0.073255904,0.0062925736,0.0011045635,8.102188e-05
96,2019-10-01,0.541987,0.031362604,-0.55015373,0.014216842,0.12946162,0.02580058,0.020022398,0.003140188,0.025982369,0.0029716836,0.05386069,0.002889339,0.055097982,0.003942588,0.1857494,0.01123254,0.1433081,0.010930423,0.073255904,0.0062925736,0.0011045635,8.102188e-05
97,2019-10-05,0.44233114,0.014480065,-0.68153036,0.021091424,0.07072349,0.00535705,0.3086309,0.0016745361,-0.020509211,0.006985268,0.08647148,0.0066586323,0.17642137,0.005733201,0.45619488,0.003920481,0.39592123,0.0024857882,0.37997082,0.00444945,0.024230355,0.0012684867
98,2019-10-09,0.36795342,0.039648045,-0.42365614,0.025117131,-0.0810463,0.027283566,0.036786705,0.002816884,0.04892599,0.0027925484,0.077502266,0.0021401835,0.08848793,0.0049550342,0.19166185,0.0073958393,0.22537446,0.0045080017,0.15035796,0.006707056,0.0012648747,4.774395e-05
99,2019-10-13,0.38973024,0.035400603,-0.44319624,0.02271834,-0.06081368,0.03268821,0.039145317,0.0012283796,0.049669556,0.0014755047,0.07866688,0.0012498755,0.08953875,0.0036369432,0.20424129,0.009584785,0.23052454,0.004994285,0.15340948,0.005628889,0.0010596421,4.9036524e-05
100,2019-10-17,0.38973024,0.035400603,-0.44319624,0.02271834,-0.06081368,0.03268821,0.039145317,0.0012283796,0.049669556,0.0014755047,0.07866688,0.0012498755,0.08953875,0.0036369432,0.20424129,0.009584785,0.23052454,0.004994285,0.15340948,0.005628889,0.0010596421,4.9036524e-05
101,2019-10-21,,,,,,,,,,,,,,,,,,,,,,
102,2019-10-25,,,,,,,,,,,,,,,,,,,,,,
103,2019-10-29,0.31725994,0.02031591,-0.3864517,0.014300801,-0.1215097,0.013250031,0.042556074,0.001018554,0.05800632,0.002734047,0.08640682,0.003761517,0.1012667,0.0058676144,0.19534038,0.009446342,0.24934855,0.011143477,0.18597972,0.013409274,0.0011151971,0.00010409077
104,2019-11-01,0.31725994,0.02031591,-0.3864517,0.014300801,-0.1215097,0.013250031,0.042556074,0.001018554,0.05800632,0.002734047,0.08640682,0.003761517,0.1012667,0.0058676144,0.19534038,0.009446342,0.24934855,0.011143477,0.18597972,0.013409274,0.0011151971,0.00010409077
105,2019-11-05,,,,,,,,,,,,,,,,,,,,,,
106,2019-11-09,0.2620297,0.019932711,-0.36816844,0.019788433,-0.14483477,0.009879234,0.024870712,0.0022837538,0.04938724,0.0017270024,0.08525521,0.0016242198,0.10796575,0.0021352163,0.18472311,0.005277772,0.24724379,0.0045016045,0.19948828,0.0061446773,0.0013342726,6.429335e-05
107,2019-11-13,0.24813369,0.028859865,-0.34389758,0.020580934,-0.13881774,0.02486056,0.040179692,0.0017451161,0.055396114,0.0012868701,0.08469035,0.0013399896,0.10452706,0.003214804,0.17361821,0.0058779866,0.22955015,0.004536181,0.19140545,0.007440464,0.0012763243,4.26776e-05
108,2019-11-17,0.24409825,0.019707475,-0.3346022,0.01663434,-0.15668657,0.017370299,0.039406445,0.0021884223,0.055392504,0.0017148372,0.08270292,0.0014454284,0.10080134,0.0024246587,0.1659442,0.004172592,0.22758703,0.0036237729,0.18636578,0.0049772845,0.0014833331,6.526832e-05
109,2019-11-21,0.24409825,0.019707475,-0.3346022,0.01663434,-0.15668657,0.017370299,0.039406445,0.0021884223,0.055392504,0.0017148372,0.08270292,0.0014454284,0.10080134,0.0024246587,0.1659442,0.004172592,0.22758703,0.0036237729,0.18636578,0.0049772845,0.0014833331,6.526832e-05
110,2019-11-25,0.2989002,0.018525286,-0.37813053,0.014270717,-0.112862505,0.016446562,0.034051556,0.0021339569,0.051417153,0.0014789377,0.081547365,0.0020588732,0.09756404,0.0031784095,0.1807204,0.0025319853,0.22677039,0.0057067755,0.17920935,0.0071172873,0.0012763052,0.00011830148
111,2019-11-29,,,,,,,,,,,,,,,,,,,,,,
112,2020-05-01,0.2258049,0.032777376,-0.35225347,0.025224285,-0.15538743,0.026058286,0.06387752,0.0042902646,0.08209379,0.0036015508,0.11850344,0.0038869926,0.15634063,0.0073154005,0.24758342,0.009395167,0.33860755,0.007972258,0.270378,0.010826291,0.0013753426,4.3076292e-05
113,2020-05-05,0.21225111,0.024810947,-0.31831065,0.02049386,-0.14767578,0.023820825,0.06560836,0.0020655717,0.085212715,0.0028025443,0.12647161,0.0032852397,0.1589986,0.005891663,0.24471655,0.00820295,0.32953426,0.009658,0.2764882,0.012799943,0.0014178732,8.305207e-05
114,2020-05-09,,,,,,,,,,,,,,,,,,,,,,
115,2020-05-13,0.22191751,0.024540331,-0.3444974,0.018750798,-0.15173775,0.016714932,0.06105122,0.002877371,0.0811125,0.0028694284,0.12000941,0.0034456255,0.1568076,0.006337534,0.24620907,0.0063673914,0.33426592,0.005977749,0.26926607,0.008704771,0.0013332868,4.7011938e-05
116,2020-05-17,,,,,,,,,,,,,,,,,,,,,,
117,2020-05-21,0.2017358,0.027534023,-0.3272872,0.020763516,-0.13116086,0.017648203,0.05372109,0.00246608,0.08619704,0.003034228,0.13493778,0.0044561904,0.17693335,0.007862464,0.26626393,0.006419766,0.34664914,0.00681062,0.28241315,0.010544581,0.001354637,4.9786995e-05
118,2020-05-25,0.19802442,0.018837305,-0.3197136,0.013902169,-0.13597886,0.009288993,0.054355484,0.0020185928,0.0866611,0.0027001472,0.13601111,0.0045363316,0.17668864,0.0075050504,0.26380616,0.0056159035,0.34682024,0.005918782,0.28289497,0.0067566643,0.0012854367,6.5356675e-05
119,2020-05-29,0.19802442,0.018837305,-0.3197136,0.013902169,-0.13597886,0.009288993,0.054355484,0.0020185928,0.0866611,0.0027001472,0.13601111,0.0045363316,0.17668864,0.0075050504,0.26380616,0.0056159035,0.34682024,0.005918782,0.28289497,0.0067566643,0.0012854367,6.5356675e-05
120,2020-06-01,,,,,,,,,,,,,,,,,,,,,,
121,2020-06-05,0.21749684,0.023701806,-0.33205283,0.020200592,-0.16131115,0.01428019,0.06270054,0.0014800761,0.08253913,0.0036070375,0.12230731,0.0039462363,0.15678175,0.0052273376,0.24397519,0.0072391434,0.3377323,0.0043602493,0.27067056,0.006236569,0.0012203688,8.404352e-05
122,2020-06-09,,,,,,,,,,,,,,,,,,,,,,
123,2020-06-13,,,,,,,,,,,,,,,,,,,,,,
124,2020-06-17,0.2133358,0.015411974,-0.3156151,0.013014032,-0.15903702,0.009243174,0.06300511,0.0010336308,0.08671599,0.002646988,0.13099346,0.0031035745,0.16328105,0.0044251545,0.25180498,0.0039106733,0.34704536,0.004940915,0.2776301,0.006641327,0.0015350889,4.7738606e-05
125,2020-06-21,,,,,,,,,,,,,,,,,,,,,,
126,2020-06-25,0.2247109,0.019083187,-0.32377934,0.016794039,-0.15443076,0.010989912,0.06392891,0.0025241743,0.08713294,0.0038193061,0.12834659,0.0040946407,0.15906303,0.0051978924,0.25122175,0.00447856,0.3429844,0.00514133,0.2735861,0.006698368,0.0032533156,4.9897157e-05
127,2020-06-29,,,,,,,,,,,,,,,,,,,,,,
128,2020-07-01,,,,,,,,,,,,,,,,,,,,,,
129,2020-07-05,,,,,,,,,,,,,,,,,,,,,,
130,2020-07-09,,,,,,,,,,,,,,,,,,,,,,
131,2020-07-13,,,,,,,,,,,,,,,,,,,,,,
132,2020-07-17,0.2350032,0.028253874,-0.34481075,0.022824042,-0.17152041,0.019569611,0.06039377,0.0020145858,0.078726046,0.0036314002,0.11673702,0.0038437876,0.1484681,0.0059845946,0.23965083,0.00527708,0.33896556,0.00901662,0.26732093,0.0109643815,0.0019209828,6.606459e-05
133,2020-07-21,,,,,,,,,,,,,,,,,,,,,,
134,2020-07-25,,,,,,,,,,,,,,,,,,,,,,
135,2020-07-29,,,,,,,,,,,,,,,,,,,,,,
136,2020-08-01,,,,,,,,,,,,,,,,,,,,,,
137,2020-08-05,,,,,,,,,,,,,,,,,,,,,,
138,2020-08-09,,,,,,,,,,,,,,,,,,,,,,
139,2020-08-13,,,,,,,,,,,,,,,,,,,,,,
140,2020-08-17,,,,,,,,,,,,,,,,,,,,,,
141,2020-08-21,,,,,,,,,,,,,,,,,,,,,,
142,2020-08-25,,,,,,,,,,,,,,,,,,,,,,
143,2020-08-29,,,,,,,,,,,,,,,,,,,,,,
144,2020-09-01,,,,,,,,,,,,,,,,,,,,,,
145,2020-09-05,,,,,,,,,,,,,,,,,,,,,,
146,2020-09-09,0.7735656,0.012911789,-0.6790339,0.010886832,0.314444,0.013037197,0.022649737,0.00167704,0.033471845,0.0016027517,0.08160854,0.0023848691,0.05447249,0.0022852158,0.427197,0.014012957,0.22273813,0.005925465,0.100017875,0.0034953419,0.0015325794,6.670401e-05
147,2020-09-13,0.7477141,0.006036267,-0.6705401,0.004735884,0.28066826,0.0071718358,0.026555141,0.00023696004,0.036949705,0.0006251169,0.077748924,0.0013807047,0.0568954,0.0009938696,0.39427155,0.0072082686,0.22142212,0.0022453582,0.1080451,0.0016909307,0.009069393,4.612988e-05
148,2020-09-17,0.6861425,0.008571395,-0.6460796,0.0063446774,0.23741591,0.009949392,0.030417133,0.0013108812,0.040392898,0.0008749997,0.076027095,0.00062357937,0.06581264,0.0010904676,0.35369027,0.005757778,0.21792993,0.0015935582,0.11078081,0.0024172694,0.0059299194,0.00018986869
149,2020-09-21,0.6861425,0.008571395,-0.6460796,0.0063446774,0.23741591,0.009949392,0.030417133,0.0013108812,0.040392898,0.0008749997,0.076027095,0.00062357937,0.06581264,0.0010904676,0.35369027,0.005757778,0.21792993,0.0015935582,0.11078081,0.0024172694,0.0059299194,0.00018986869
150,2020-09-25,0.7159485,0.021578068,-0.65634394,0.012188271,0.26516616,0.024629543,0.025463397,0.0008357361,0.034698103,0.0012145193,0.0716477,0.0012673573,0.05712171,0.0031941927,0.34568506,0.011689901,0.20063983,0.0044982904,0.099989265,0.0052384227,0.0013200454,0.00018524603
151,2020-09-29,0.6504093,0.04903448,-0.6249952,0.029631259,0.1476505,0.04529728,0.032125093,0.0010647113,0.03912013,0.004164854,0.07276385,0.0044133114,0.066830024,0.008931591,0.31586444,0.011679223,0.23467383,0.013609266,0.13370413,0.015993519,0.0010318625,4.882808e-05
152,2020-10-01,0.6504093,0.04903448,-0.6249952,0.029631259,0.1476505,0.04529728,0.032125093,0.0010647113,0.03912013,0.004164854,0.07276385,0.0044133114,0.066830024,0.008931591,0.31586444,0.011679223,0.23467383,0.013609266,0.13370413,0.015993519,0.0010318625,4.882808e-05
153,2020-10-05,0.56095046,0.043885164,-0.56317216,0.025437526,0.061135788,0.0337251,0.039742805,0.0004944479,0.047554594,0.0037928799,0.08117938,0.0042767236,0.0818045,0.0086752465,0.2906428,0.0073509053,0.25729883,0.011684189,0.163998,0.014162044,0.0014745118,7.415297e-05
154,2020-10-09,0.5043505,0.046867974,-0.54286057,0.029304532,0.013799262,0.034888625,0.04051012,0.0021695571,0.049918868,0.004524107,0.08280091,0.005511343,0.0922301,0.010091425,0.27943534,0.0064258473,0.27210236,0.013959536,0.1806751,0.015258274,0.0013299715,5.7718193e-05
155,2020-10-13,,,,,,,,,,,,,,,,,,,,,,
156,2020-10-17,0.29905418,0.02892553,-0.40584424,0.020695623,-0.11438915,0.026092065,0.047658,0.0019412683,0.06261389,0.0035466559,0.09413533,0.004898581,0.12026315,0.007747427,0.22279094,0.010497132,0.28056586,0.016438479,0.21527395,0.015202477,0.0012694552,0.00013211029
157,2020-10-21,0.29905418,0.02892553,-0.40584424,0.020695623,-0.11438915,0.026092065,0.047658,0.0019412683,0.06261389,0.0035466559,0.09413533,0.004898581,0.12026315,0.007747427,0.22279094,0.010497132,0.28056586,0.016438479,0.21527395,0.015202477,0.0012694552,0.00013211029
158,2020-10-25,0.2690799,0.015528195,-0.37388456,0.01062854,-0.14135146,0.015881805,0.048889346,0.0033232677,0.06684627,0.0021282027,0.09899758,0.0019588294,0.12513407,0.003483706,0.21726368,0.0044807377,0.2888824,0.008530776,0.23119116,0.009802018,0.0016732009,4.426809e-05
159,2020-10-29,0.2578592,0.027146574,-0.35941374,0.021445578,-0.12879802,0.022883432,0.043401495,0.00063506083,0.055669595,0.0013059472,0.08308412,0.002449976,0.10404779,0.0036841568,0.17641008,0.005724324,0.2285413,0.005191616,0.18002994,0.006725167,0.0016809514,3.9271967e-05
160,2020-11-01,0.23378307,0.017728897,-0.33675808,0.014029094,-0.16237164,0.016807001,0.047634587,0.0016240026,0.0672065,0.0030959805,0.09716214,0.0038425738,0.121623956,0.004979898,0.19581778,0.0064946357,0.2717232,0.007779606,0.2272404,0.008325287,0.0015579744,4.935154e-05
161,2020-11-05,0.23378307,0.017728897,-0.33675808,0.014029094,-0.16237164,0.016807001,0.047634587,0.0016240026,0.0672065,0.0030959805,0.09716214,0.0038425738,0.121623956,0.004979898,0.19581778,0.0064946357,0.2717232,0.007779606,0.2272404,0.008325287,0.0015579744,4.935154e-05
162,2020-11-09,,,,,,,,,,,,,,,,,,,,,,
163,2020-11-13,0.32917053,0.028432403,-0.4118559,0.019482259,-0.098503664,0.0247674,0.03289883,0.002536525,0.050749276,0.0020656302,0.08944222,0.002593257,0.10838115,0.0043606022,0.21486624,0.008023087,0.2617683,0.0070397314,0.20274578,0.009353383,0.0014772413,4.8962655e-05
164,2020-11-17,0.41523302,0.033157147,-0.46278116,0.019728616,-0.016550694,0.033777665,0.024572203,0.0035925603,0.04233964,0.0013197268,0.08215837,0.0022185114,0.09244971,0.004686961,0.22388557,0.007549947,0.23147425,0.008951073,0.1762355,0.01059382,0.0013002745,2.745165e-07
165,2020-11-21,,,,,,,,,,,,,,,,,,,,,,
166,2020-11-25,,,,,,,,,,,,,,,,,,,,,,
167,2020-11-29,0.5595118,0.048456036,-0.5408977,0.026113477,0.10281437,0.050074846,0.028553775,0.0013880499,0.043133143,0.0029448527,0.078386076,0.0028246993,0.07421607,0.006199338,0.26390153,0.017863216,0.21431829,0.009730686,0.14796749,0.012640322,0.0011533062,4.9873186e-05
168,2021-05-01,,,,,,,,,,,,,,,,,,,,,,
169,2021-05-05,,,,,,,,,,,,,,,,,,,,,,
170,2021-05-09,0.1973047,0.028928539,-0.30530062,0.023153206,-0.1243676,0.02288033,0.068149365,0.0027903903,0.09176819,0.003577898,0.14017765,0.004401624,0.17664328,0.0071603926,0.2635413,0.009733936,0.33834943,0.009343367,0.27228636,0.011891587,0.0014191038,0.00012647454
171,2021-05-13,0.21221516,0.02625092,-0.32595944,0.021757824,-0.1352657,0.016527677,0.06635889,0.0041112555,0.08764376,0.0044616307,0.13018379,0.0039617694,0.16647676,0.006164025,0.256161,0.0066028843,0.3362401,0.004148544,0.26952314,0.007180086,0.0017668522,4.7256148e-05
172,2021-05-17,,,,,,,,,,,,,,,,,,,,,,
173,2021-05-21,0.21223065,0.023844805,-0.31876773,0.019748192,-0.17309178,0.017382378,0.065286264,0.0015884902,0.08169337,0.0025905469,0.12027163,0.0024566054,0.15133083,0.003990544,0.2329371,0.0063256053,0.33039233,0.0041349614,0.28148955,0.0072520333,0.0018828514,8.8761735e-05
174,2021-05-25,0.20276064,0.03141571,-0.29704708,0.025590545,-0.16846313,0.022593696,0.064356335,0.002861354,0.08324402,0.0029235433,0.12326393,0.0031287656,0.15080574,0.005336752,0.22761421,0.007983369,0.31974036,0.004841079,0.2710656,0.008593607,0.0016469304,0.00010198138
175,2021-05-29,0.22061509,0.023074238,-0.3308246,0.016640905,-0.16411926,0.016712265,0.062321816,0.0011297545,0.07862726,0.0020646611,0.11799415,0.0018832125,0.14986585,0.003945766,0.23476338,0.00583932,0.32690015,0.0038864836,0.26344162,0.007013074,0.0014341195,7.648077e-05
176,2021-06-01,0.2103324,0.026652459,-0.32138065,0.020185575,-0.16884698,0.020465408,0.06320331,0.0018083584,0.08203093,0.0027500258,0.12056461,0.0022846574,0.15319197,0.0043202657,0.23489471,0.0070036137,0.330267,0.004563727,0.27407727,0.008565873,0.0013592563,4.916458e-05
177,2021-06-05,0.22576301,0.025459861,-0.34191033,0.019879745,-0.16387208,0.018803861,0.058435827,0.0021400289,0.07551926,0.0027273584,0.11514047,0.0026105565,0.14833593,0.0045361137,0.23489743,0.0065676095,0.32691556,0.004578384,0.26140895,0.007799662,0.0015486622,5.4526357e-05
178,2021-06-09,0.196669,0.030630745,-0.28911123,0.023697399,-0.15248235,0.022029128,0.06426248,0.0020263353,0.08728265,0.0027473895,0.13528137,0.0033996603,0.1647383,0.0060036248,0.24545114,0.0075364956,0.3337245,0.006153747,0.26962504,0.009315878,0.0011641912,5.31569e-05
179,2021-06-13,0.21584763,0.023433669,-0.3247539,0.018261317,-0.1631429,0.017125402,0.05969417,0.0012718622,0.07938047,0.002305112,0.12174241,0.0024564806,0.15406877,0.004263388,0.23892285,0.0055800444,0.33205393,0.004436377,0.26262054,0.007156423,0.0023980625,7.7275574e-05
180,2021-06-17,0.22914281,0.024722487,-0.3385064,0.017175734,-0.16402844,0.017740607,0.06863432,0.0012056767,0.08727028,0.0026083174,0.13032053,0.0034211166,0.16544071,0.0064404476,0.26370013,0.003544591,0.3672876,0.008520964,0.29379457,0.011989877,0.0013147669,8.1786806e-05
181,2021-06-21,,,,,,,,,,,,,,,,,,,,,,
182,2021-06-25,0.20187768,0.027128754,-0.2942842,0.020365944,-0.15023457,0.019622058,0.07207748,0.002929793,0.0958911,0.003668937,0.14740512,0.004635818,0.17959875,0.0077011315,0.27031642,0.0038167157,0.36604637,0.010171741,0.29892796,0.013153122,0.0012036491,9.909934e-05
183,2021-06-29,,,,,,,,,,,,,,,,,,,,,,
184,2021-07-01,,,,,,,,,,,,,,,,,,,,,,
185,2021-07-05,0.217553,0.02165599,-0.3261682,0.018949779,-0.15816449,0.018601617,0.06855875,0.008140151,0.09195788,0.004790083,0.13743365,0.0038390376,0.17386463,0.0058503887,0.2704969,0.004823066,0.37221935,0.008368309,0.29646683,0.01090584,0.0030243031,5.8562702e-05
186,2021-07-09,,,,,,,,,,,,,,,,,,,,,,
187,2021-07-13,,,,,,,,,,,,,,,,,,,,,,
188,2021-07-17,,,,,,,,,,,,,,,,,,,,,,
189,2021-07-21,,,,,,,,,,,,,,,,,,,,,,
190,2021-07-25,,,,,,,,,,,,,,,,,,,,,,
191,2021-07-29,,,,,,,,,,,,,,,,,,,,,,
192,2021-08-01,,,,,,,,,,,,,,,,,,,,,,
193,2021-08-05,,,,,,,,,,,,,,,,,,,,,,
194,2021-08-09,,,,,,,,,,,,,,,,,,,,,,
195,2021-08-13,0.47845715,0.05161235,-0.46946213,0.042142756,0.027100977,0.04026184,0.032697015,0.0035817593,0.042318646,0.0034523315,0.079743996,0.0016098212,0.07785017,0.003630223,0.22242622,0.021210026,0.20978199,0.0036489004,0.1273736,0.0027553204,0.0014011889,0.00011601641
196,2021-08-17,0.47845715,0.05161235,-0.46946213,0.042142756,0.027100977,0.04026184,0.032697015,0.0035817593,0.042318646,0.0034523315,0.079743996,0.0016098212,0.07785017,0.003630223,0.22242622,0.021210026,0.20978199,0.0036489004,0.1273736,0.0027553204,0.0014011889,0.00011601641
197,2021-08-21,,,,,,,,,,,,,,,,,,,,,,
198,2021-08-25,,,,,,,,,,,,,,,,,,,,,,
199,2021-08-29,,,,,,,,,,,,,,,,,,,,,,
200,2021-09-01,,,,,,,,,,,,,,,,,,,,,,
201,2021-09-05,,,,,,,,,,,,,,,,,,,,,,
202,2021-09-09,,,,,,,,,,,,,,,,,,,,,,
203,2021-09-13,,,,,,,,,,,,,,,,,,,,,,
204,2021-09-17,,,,,,,,,,,,,,,,,,,,,,
205,2021-09-21,,,,,,,,,,,,,,,,,,,,,,
206,2021-09-25,,,,,,,,,,,,,,,,,,,,,,
207,2021-09-29,,,,,,,,,,,,,,,,,,,,,,
208,2021-10-01,,,,,,,,,,,,,,,,,,,,,,
209,2021-10-05,,,,,,,,,,,,,,,,,,,,,,
210,2021-10-09,0.5963737,0.04457683,-0.57503617,0.030164171,0.0721721,0.036595114,0.035386346,0.0020215195,0.045382638,0.0036804865,0.078873634,0.003620686,0.07390212,0.006872654,0.29306975,0.014676779,0.25342387,0.009354793,0.15189597,0.012446447,0.0011000322,3.224397e-08
211,2021-10-13,0.51599216,0.042498566,-0.5381343,0.03220715,0.012157542,0.040827617,0.043734763,0.0014933428,0.05391028,0.0045585264,0.08616977,0.004379645,0.09165616,0.007002007,0.2875086,0.012604436,0.28065565,0.0134442495,0.18129125,0.0133438865,0.0013709939,0.00011969007
212,2021-10-17,0.4528507,0.03304838,-0.49740845,0.021385107,-0.0074467408,0.029162187,0.03580398,0.0020938967,0.04613491,0.002313974,0.0762913,0.0024689373,0.08563786,0.0049954867,0.22745922,0.006296907,0.23090814,0.007507264,0.14500418,0.007908354,0.0013686572,4.636943e-05
213,2021-10-21,0.4528507,0.03304838,-0.49740845,0.021385107,-0.0074467408,0.029162187,0.03580398,0.0020938967,0.04613491,0.002313974,0.0762913,0.0024689373,0.08563786,0.0049954867,0.22745922,0.006296907,0.23090814,0.007507264,0.14500418,0.007908354,0.0013686572,4.636943e-05
214,2021-10-25,0.41312066,0.033000674,-0.46741486,0.020520449,-0.027814617,0.030286556,0.045047265,0.0013139719,0.05801487,0.0029583261,0.09357785,0.0035068237,0.10715274,0.0068567367,0.25785118,0.0043263226,0.27287558,0.012501314,0.18752979,0.012678894,0.0016001048,1.04900984e-07
215,2021-10-29,0.25857094,0.04589141,-0.3323672,0.0362686,-0.1475007,0.04940855,0.04356103,0.0017266003,0.056249768,0.0018034799,0.08397726,0.0017784835,0.0987477,0.00369188,0.16812101,0.01168549,0.22607377,0.0078822225,0.18944438,0.0114515675,0.00086217385,0.00012332686
216,2021-11-01,0.25857094,0.04589141,-0.3323672,0.0362686,-0.1475007,0.04940855,0.04356103,0.0017266003,0.056249768,0.0018034799,0.08397726,0.0017784835,0.0987477,0.00369188,0.16812101,0.01168549,0.22607377,0.0078822225,0.18944438,0.0114515675,0.00086217385,0.00012332686
217,2021-11-05,,,,,,,,,,,,,,,,,,,,,,
218,2021-11-09,,,,,,,,,,,,,,,,,,,,,,
219,2021-11-13,0.2956717,0.022097621,-0.4138078,0.019855991,-0.084014975,0.03177919,0.022950929,0.0025471833,0.05428444,0.0014912992,0.08286245,0.001763803,0.108648255,0.0019959155,0.20000288,0.0064173043,0.23673554,0.007763535,0.1898009,0.011420067,0.0016493648,5.3698575e-05
220,2021-11-17,,,,,,,,,,,,,,,,,,,,,,
221,2021-11-21,0.37863562,0.04093081,-0.4274231,0.031679787,-0.0687115,0.041098807,0.03146418,0.002529193,0.043121386,0.0024892408,0.07065661,0.0026305546,0.07941359,0.0042910716,0.17644788,0.0080220895,0.20247233,0.007813193,0.15187621,0.00953191,0.0010610049,7.354184e-05
222,2021-11-25,0.37863562,0.04093081,-0.4274231,0.031679787,-0.0687115,0.041098807,0.03146418,0.002529193,0.043121386,0.0024892408,0.07065661,0.0026305546,0.07941359,0.0042910716,0.17644788,0.0080220895,0.20247233,0.007813193,0.15187621,0.00953191,0.0010610049,7.354184e-05
223,2021-11-29,,,,,,,,,,,,,,,,,,,,,,
224,2022-05-01,0.20370843,0.031163273,-0.30155647,0.024015095,-0.10223151,0.024502061,0.06410531,0.0027749168,0.091475,0.0031851672,0.14299345,0.0029241843,0.17633295,0.005720814,0.26669434,0.00924859,0.32732335,0.005480654,0.2634542,0.009316586,0.0020004865,0.00013155899
225,2022-05-05,0.20764256,0.024343979,-0.3218214,0.018607648,-0.098714985,0.018349674,0.06161054,0.0028269044,0.092084534,0.0036041443,0.14125124,0.0033383532,0.18068533,0.0059191054,0.27538517,0.006381376,0.33569863,0.006162185,0.26963815,0.008292005,0.002556952,4.9591003e-05
226,2022-05-09,0.18914917,0.03420059,-0.2933682,0.028034197,-0.1186232,0.02795415,0.069156244,0.003188488,0.094051935,0.0034746844,0.14452006,0.0037157927,0.1804286,0.0061837966,0.2647902,0.010606873,0.33592963,0.006705959,0.27593207,0.011970013,0.0018836068,8.7691515e-05
227,2022-05-13,0.21109192,0.03574495,-0.33103287,0.026169498,-0.1153455,0.023306215,0.059724018,0.0026328927,0.0891577,0.004262444,0.13664278,0.0046858434,0.17721361,0.008804387,0.27199444,0.008098275,0.34288603,0.007040973,0.2774733,0.011356767,0.0018852064,6.9612695e-05
228,2022-05-17,0.18455933,0.022853449,-0.28256226,0.018502511,-0.09816399,0.01841604,0.06800942,0.0024081266,0.09767324,0.0025929096,0.15203372,0.0025227503,0.18713094,0.0044276826,0.27190757,0.0070275865,0.3310438,0.0044117253,0.2678985,0.008368279,0.0023654061,7.4677686e-05
229,2022-05-21,0.18455933,0.022853449,-0.28256226,0.018502511,-0.09816399,0.01841604,0.06800942,0.0024081266,0.09767324,0.0025929096,0.15203372,0.0025227503,0.18713094,0.0044276826,0.27190757,0.0070275865,0.3310438,0.0044117253,0.2678985,0.008368279,0.0023654061,7.4677686e-05
230,2022-05-25,0.19539584,0.02183703,-0.28502595,0.01773253,-0.11199094,0.017193278,0.0769076,0.0026025085,0.107306525,0.0035239938,0.1653908,0.0037742648,0.2001174,0.005958455,0.29728046,0.0047982302,0.37230408,0.007078723,0.30445433,0.011250523,0.002564143,0.00013733759
231,2022-05-29,0.19539584,0.02183703,-0.28502595,0.01773253,-0.11199094,0.017193278,0.0769076,0.0026025085,0.107306525,0.0035239938,0.1653908,0.0037742648,0.2001174,0.005958455,0.29728046,0.0047982302,0.37230408,0.007078723,0.30445433,0.011250523,0.002564143,0.00013733759
232,2022-06-01,0.20909272,0.02142487,-0.31727013,0.017522857,-0.11601862,0.016697655,0.06698022,0.002162147,0.09633622,0.0035379247,0.14760101,0.003921977,0.18631439,0.0057282755,0.28481257,0.0059688445,0.35957772,0.0064876797,0.2927234,0.009787123,0.0058042873,0.00012280043
233,2022-06-05,0.1871557,0.02944294,-0.28754735,0.024260104,-0.13972872,0.025452575,0.075551994,0.003809979,0.10139112,0.0047609014,0.15016088,0.003492649,0.18584089,0.0051686848,0.27160966,0.010481774,0.3597428,0.008474695,0.30958623,0.01309849,0.0016894446,9.953352e-05
234,2022-06-09,,,,,,,,,,,,,,,,,,,,,,
235,2022-06-13,,,,,,,,,,,,,,,,,,,,,,
236,2022-06-17,,,,,,,,,,,,,,,,,,,,,,
237,2022-06-21,0.22450516,0.036871098,-0.3014646,0.02855731,-0.11250973,0.034901306,0.05587746,0.003581927,0.08207016,0.004503462,0.1329401,0.00447641,0.15694165,0.007535946,0.24783126,0.008272253,0.31085446,0.012946714,0.23509647,0.016433673,0.0012254418,0.00010386409
238,2022-06-25,,,,,,,,,,,,,,,,,,,,,,
239,2022-06-29,,,,,,,,,,,,,,,,,,,,,,
240,2022-07-01,,,,,,,,,,,,,,,,,,,,,,
241,2022-07-05,,,,,,,,,,,,,,,,,,,,,,
242,2022-07-09,,,,,,,,,,,,,,,,,,,,,,
243,2022-07-13,,,,,,,,,,,,,,,,,,,,,,
244,2022-07-17,,,,,,,,,,,,,,,,,,,,,,
245,2022-07-21,,,,,,,,,,,,,,,,,,,,,,
246,2022-07-25,,,,,,,,,,,,,,,,,,,,,,
247,2022-07-29,,,,,,,,,,,,,,,,,,,,,,
248,2022-08-01,,,,,,,,,,,,,,,,,,,,,,
249,2022-08-05,,,,,,,,,,,,,,,,,,,,,,
250,2022-08-09,,,,,,,,,,,,,,,,,,,,,,
251,2022-08-13,,,,,,,,,,,,,,,,,,,,,,
252,2022-08-17,,,,,,,,,,,,,,,,,,,,,,
253,2022-08-21,,,,,,,,,,,,,,,,,,,,,,
254,2022-08-25,0.4033763,0.009637631,-0.4019348,0.011531895,0.18079801,0.00083704275,0.13882509,0.0058071148,0.1509607,0.007719172,0.20329343,0.0064926017,0.20257998,0.0056138807,0.4763839,0.0024724647,0.33050242,0.0021910798,0.26487064,0.0021148622,0.0014800827,4.5063945e-05
255,2022-08-29,0.8254291,0.011788192,-0.7195948,0.0118142385,0.3706855,0.022577219,0.011073231,0.000814377,0.017474983,0.0028369508,0.052627478,0.008199335,0.030934528,0.005520759,0.32504442,0.060001664,0.15044376,0.033644516,0.061343372,0.0139750615,0.00094938074,4.999171e-05
256,2022-09-01,0.8254291,0.011788192,-0.7195948,0.0118142385,0.3706855,0.022577219,0.011073231,0.000814377,0.017474983,0.0028369508,0.052627478,0.008199335,0.030934528,0.005520759,0.32504442,0.060001664,0.15044376,0.033644516,0.061343372,0.0139750615,0.00094938074,4.999171e-05
257,2022-09-05,0.7840099,0.012249003,-0.6659871,0.00749361,0.31177318,0.008458483,0.018311372,0.0016549764,0.02544519,0.0010180592,0.07461588,0.0029273934,0.044985212,0.0014287072,0.3723276,0.016196648,0.1952165,0.005279525,0.08360758,0.0018434,0.0009521876,4.9965267e-05
258,2022-09-09,,,,,,,,,,,,,,,,,,,,,,
259,2022-09-13,,,,,,,,,,,,,,,,,,,,,,
260,2022-09-17,0.527081,0.040126834,-0.52146816,0.024476493,0.2109015,0.023974303,0.020262,0.0012028177,0.032551274,0.001446628,0.08001437,0.0023629814,0.07869985,0.00430338,0.25523004,0.018076293,0.16603476,0.007392015,0.08650306,0.0030026508,0.00087605615,0.00021534633
261,2022-09-21,,,,,,,,,,,,,,,,,,,,,,
262,2022-09-25,0.5703086,0.05586295,-0.5668039,0.08477281,0.25061816,0.07694714,0.04049784,0.030829241,0.07078528,0.023464775,0.080425724,0.031208666,0.0781776,0.024504524,0.27820113,0.041561026,0.16758294,0.03420172,0.119705446,0.036365625,0.008286961,0.004318977
263,2022-09-29,,,,,,,,,,,,,,,,,,,,,,
264,2022-10-01,0.35294935,0.04844579,-0.41207787,0.035722475,-0.06269978,0.044188607,0.03929777,0.0038954457,0.05228643,0.0043760617,0.0853218,0.005219667,0.0981698,0.00891959,0.20507024,0.009173534,0.23340175,0.021989727,0.14733216,0.0184624,0.002887808,0.00021053145
265,2022-10-05,,,,,,,,,,,,,,,,,,,,,,
266,2022-10-09,,,,,,,,,,,,,,,,,,,,,,
267,2022-10-13,0.44559816,0.040489685,-0.48641497,0.024204444,0.072763346,0.040822335,0.02795429,0.0023049642,0.03472367,0.0032465917,0.063195065,0.0041379556,0.07016153,0.0060841604,0.1830944,0.012404243,0.1591776,0.02020602,0.08843662,0.012632789,0.0010571227,4.9493858e-05
268,2022-10-17,0.39063743,0.037622813,-0.4412569,0.027243905,-0.054896027,0.03069758,0.037212044,0.0026375968,0.046944205,0.0035969596,0.07531269,0.0040108664,0.085178815,0.006118252,0.19440426,0.009107923,0.21702923,0.010581972,0.13554512,0.010234535,0.0013964813,8.175366e-05
269,2022-10-21,0.39063743,0.037622813,-0.4412569,0.027243905,-0.054896027,0.03069758,0.037212044,0.0026375968,0.046944205,0.0035969596,0.07531269,0.0040108664,0.085178815,0.006118252,0.19440426,0.009107923,0.21702923,0.010581972,0.13554512,0.010234535,0.0013964813,8.175366e-05
270,2022-10-25,0.36281544,0.035666607,-0.4059143,0.030387118,-0.063018374,0.031750806,0.038726814,0.0031587656,0.053797875,0.0037222076,0.087516494,0.0039900495,0.09686429,0.0052692103,0.20725863,0.00749361,0.23513992,0.0077138003,0.15632021,0.008165954,0.0011785115,0.0002341021
271,2022-10-29,0.35220703,0.028642384,-0.41383857,0.023297165,-0.09129017,0.02827755,0.04412352,0.002775718,0.056073163,0.0026775086,0.08468512,0.0027205192,0.097883955,0.00413756,0.20439379,0.0063243667,0.24550113,0.0076939366,0.16967715,0.007825449,0.0012481883,4.9965132e-05
272,2022-11-01,0.28255478,0.04466395,-0.36530116,0.034267325,-0.16488303,0.034912366,0.038703177,0.0013988108,0.047138732,0.002250929,0.069333635,0.0022209247,0.08347347,0.0042578545,0.14957346,0.010033997,0.2083607,0.0064295493,0.16251425,0.007167981,0.0011468673,4.997712e-05
273,2022-11-05,0.28255478,0.04466395,-0.36530116,0.034267325,-0.16488303,0.034912366,0.038703177,0.0013988108,0.047138732,0.002250929,0.069333635,0.0022209247,0.08347347,0.0042578545,0.14957346,0.010033997,0.2083607,0.0064295493,0.16251425,0.007167981,0.0011468673,4.997712e-05
274,2022-11-09,0.24614634,0.05738222,-0.31233513,0.044645734,-0.16411945,0.046990864,0.04058878,0.0029582402,0.05329057,0.0031176284,0.07989899,0.002357143,0.092292696,0.004782096,0.15311761,0.012102112,0.21283874,0.0055645932,0.18169226,0.0092740785,0.00094170484,0.00015993489
275,2022-11-13,0.26444775,0.03944365,-0.35466567,0.028701248,-0.14418992,0.033356775,0.03671943,0.0028600877,0.051690206,0.002006205,0.07823596,0.0016228025,0.09555955,0.0035588092,0.16455136,0.008792607,0.21981318,0.0047229608,0.1812055,0.0074948594,0.0012340153,7.3957e-05
276,2022-11-17,0.26817226,0.044801768,-0.362359,0.032609534,-0.1493189,0.041702237,0.037811324,0.0016241543,0.05146893,0.002166484,0.075756125,0.0022090103,0.093436,0.0042995694,0.1622207,0.009395454,0.21902472,0.006471176,0.18241774,0.009427766,0.0011523456,4.9945247e-05
277,2022-11-21,0.26794022,0.038732648,-0.3536835,0.029358966,-0.14610763,0.03132293,0.04092921,0.002893617,0.053784415,0.002685459,0.077722386,0.0025611103,0.094027296,0.0044537573,0.16296998,0.006783132,0.21868175,0.005265447,0.1814064,0.008396453,0.0012648747,4.774395e-05
278,2022-11-25,0.26794022,0.038732648,-0.3536835,0.029358966,-0.14610763,0.03132293,0.04092921,0.002893617,0.053784415,0.002685459,0.077722386,0.0025611103,0.094027296,0.0044537573,0.16296998,0.006783132,0.21868175,0.005265447,0.1814064,0.008396453,0.0012648747,4.774395e-05
279,2022-11-29,0.32639775,0.032096744,-0.39793107,0.024091635,-0.0872421,0.03417619,0.034429964,0.0010277708,0.048337035,0.0012017182,0.07580532,0.0016402027,0.089404486,0.0032837933,0.17622502,0.00699596,0.20989025,0.006427678,0.16678561,0.0083268685,0.0011636915,6.0126305e-05
280,2023-05-01,0.23066178,0.027694363,-0.34095973,0.021147573,-0.14940473,0.018855605,0.06247396,0.0012940196,0.083512604,0.002760081,0.121738404,0.0040925103,0.15491454,0.006790913,0.24770391,0.00447925,0.33479244,0.007699563,0.2773964,0.01179857,0.009235625,0.0002865107
281,2023-05-05,0.2084438,0.030185223,-0.31799117,0.02498695,-0.15957725,0.020784324,0.06641347,0.0023374027,0.08686648,0.004026587,0.12613411,0.0049894475,0.15972017,0.0072846394,0.2437397,0.0051538446,0.33638954,0.008728553,0.2929822,0.0127061745,0.0022112548,3.1391806e-05
282,2023-05-09,0.2084438,0.030185223,-0.31799117,0.02498695,-0.15957725,0.020784324,0.06641347,0.0023374027,0.08686648,0.004026587,0.12613411,0.0049894475,0.15972017,0.0072846394,0.2437397,0.0051538446,0.33638954,0.008728553,0.2929822,0.0127061745,0.0022112548,3.1391806e-05
283,2023-05-13,0.19671895,0.026377551,-0.28858748,0.021853426,-0.15149966,0.01840665,0.06541275,0.0022185072,0.08696567,0.0024945866,0.1322925,0.0037605334,0.16088435,0.0056851986,0.23968017,0.0059092855,0.3252624,0.006026661,0.27783638,0.008962253,0.0013179252,0.00011918524
284,2023-05-17,0.22176659,0.026875585,-0.33369675,0.021864722,-0.15224387,0.019646144,0.06189563,0.003382678,0.081314966,0.0029989816,0.121200204,0.0036897778,0.15456623,0.0055658105,0.24265705,0.0058833957,0.32981658,0.006334034,0.2723812,0.009793054,0.0020023033,0.000117214724
285,2023-05-21,0.18211953,0.0288587,-0.27974653,0.023566384,-0.1488717,0.021343917,0.06127942,0.0018253295,0.085137345,0.0021195896,0.13229284,0.0026494146,0.16265433,0.004090086,0.23539671,0.012172545,0.31747624,0.0075366474,0.25887913,0.0075533427,0.0014013257,7.8821446e-05
286,2023-05-25,,,,,,,,,,,,,,,,,,,,,,
287,2023-05-29,0.21277303,0.023281014,-0.30622792,0.018621901,-0.14656226,0.01421111,0.07204091,0.0025398196,0.09522384,0.0034996567,0.14114892,0.004351917,0.17258535,0.0074152285,0.26580825,0.007594077,0.35714728,0.010957291,0.29789835,0.010047597,0.0022283306,9.21256e-05
288,2023-06-01,0.21277303,0.023281014,-0.30622792,0.018621901,-0.14656226,0.01421111,0.07204091,0.0025398196,0.09522384,0.0034996567,0.14114892,0.004351917,0.17258535,0.0074152285,0.26580825,0.007594077,0.35714728,0.010957291,0.29789835,0.010047597,0.0022283306,9.21256e-05
289,2023-06-05,0.21289842,0.024160614,-0.31329614,0.020009043,-0.15650012,0.017305471,0.07226216,0.0038548072,0.094082125,0.0043985154,0.1395143,0.005243975,0.17322525,0.008132315,0.26680648,0.0070920745,0.3659324,0.012599014,0.30262887,0.014807518,0.0012911982,9.673991e-05
290,2023-06-09,0.21289842,0.024160614,-0.31329614,0.020009043,-0.15650012,0.017305471,0.07226216,0.0038548072,0.094082125,0.0043985154,0.1395143,0.005243975,0.17322525,0.008132315,0.26680648,0.0070920745,0.3659324,0.012599014,0.30262887,0.014807518,0.0012911982,9.673991e-05
291,2023-06-13,0.22575068,0.029179152,-0.33272386,0.023781884,-0.15958472,0.018238416,0.068688825,0.0024488794,0.09189776,0.004621985,0.13582574,0.0054766377,0.17139734,0.0077115437,0.27131724,0.008329894,0.3742852,0.006808393,0.29538578,0.010577254,0.0014186094,7.15037e-05
292,2023-06-17,,,,,,,,,,,,,,,,,,,,,,
293,2023-06-21,,,,,,,,,,,,,,,,,,,,,,
294,2023-06-25,,,,,,,,,,,,,,,,,,,,,,
295,2023-06-29,,,,,,,,,,,,,,,,,,,,,,
296,2023-07-01,,,,,,,,,,,,,,,,,,,,,,
297,2023-07-05,,,,,,,,,,,,,,,,,,,,,,
298,2023-07-09,,,,,,,,,,,,,,,,,,,,,,
299,2023-07-13,,,,,,,,,,,,,,,,,,,,,,
300,2023-07-17,,,,,,,,,,,,,,,,,,,,,,
301,2023-07-21,,,,,,,,,,,,,,,,,,,,,,
302,2023-07-25,,,,,,,,,,,,,,,,,,,,,,
303,2023-07-29,,,,,,,,,,,,,,,,,,,,,,
304,2023-08-01,,,,,,,,,,,,,,,,,,,,,,
305,2023-08-05,,,,,,,,,,,,,,,,,,,,,,
306,2023-08-09,,,,,,,,,,,,,,,,,,,,,,
307,2023-08-13,,,,,,,,,,,,,,,,,,,,,,
308,2023-08-17,,,,,,,,,,,,,,,,,,,,,,
309,2023-08-21,,,,,,,,,,,,,,,,,,,,,,
310,2023-08-25,0.6891388,0.01791633,-0.63983095,0.013215187,0.25699797,0.01777081,0.03273455,0.0014337002,0.04863923,0.0037127545,0.0956822,0.003701504,0.080177546,0.004769335,0.43563136,0.0056582587,0.25755376,0.0080419425,0.1393383,0.00771725,0.0018504142,5.0005772e-05
311,2023-08-29,0.62269026,0.019101443,-0.5980765,0.016508294,0.16460341,0.018839037,0.03547958,0.0026504952,0.052013025,0.0042228284,0.09454008,0.004559435,0.08740192,0.004909709,0.37578005,0.004349055,0.26967713,0.0096331,0.15424041,0.009616207,0.0009934289,8.209335e-05
312,2023-09-01,0.62269026,0.019101443,-0.5980765,0.016508294,0.16460341,0.018839037,0.03547958,0.0026504952,0.052013025,0.0042228284,0.09454008,0.004559435,0.08740192,0.004909709,0.37578005,0.004349055,0.26967713,0.0096331,0.15424041,0.009616207,0.0009934289,8.209335e-05
313,2023-09-05,0.5816209,0.038154542,-0.57299674,0.022713607,0.14283893,0.03555564,0.04009914,0.003838546,0.053894788,0.0048382324,0.09801021,0.0059506157,0.0956312,0.010202636,0.36088204,0.0045467764,0.271089,0.01709365,0.16053252,0.014808054,0.0010258916,0.00014038722
314,2023-09-09,,,,,,,,,,,,,,,,,,,,,,
315,2023-09-13,,,,,,,,,,,,,,,,,,,,,,
316,2023-09-17,0.59605616,0.052654054,-0.5632936,0.03489769,0.10249729,0.048947766,0.03500305,0.0040467237,0.044082902,0.005091294,0.08418618,0.0068399822,0.07632798,0.010320457,0.30157104,0.013177961,0.24572971,0.017130924,0.140711,0.018523818,0.0014423771,0.00011165355
317,2023-09-21,0.59605616,0.052654054,-0.5632936,0.03489769,0.10249729,0.048947766,0.03500305,0.0040467237,0.044082902,0.005091294,0.08418618,0.0068399822,0.07632798,0.010320457,0.30157104,0.013177961,0.24572971,0.017130924,0.140711,0.018523818,0.0014423771,0.00011165355
318,2023-09-25,0.5128423,0.027060082,-0.5044309,0.018107845,0.056332428,0.025816845,0.04058951,0.0023708206,0.05515946,0.0029592472,0.09705568,0.0036861286,0.09489955,0.005605013,0.29466575,0.0061021536,0.26333153,0.009448768,0.17085935,0.011825357,0.003527771,0.00013384798
319,2023-09-29,0.48830846,0.025190892,-0.49882993,0.017691968,0.008224066,0.020123934,0.04876115,0.0015540952,0.060455836,0.0024637936,0.09748501,0.0028588593,0.10024955,0.004680566,0.29166785,0.007067219,0.2869228,0.0075224126,0.19123447,0.009222308,0.0027706083,5.7636422e-05
320,2023-10-01,0.48830846,0.025190892,-0.49882993,0.017691968,0.008224066,0.020123934,0.04876115,0.0015540952,0.060455836,0.0024637936,0.09748501,0.0028588593,0.10024955,0.004680566,0.29166785,0.007067219,0.2869228,0.0075224126,0.19123447,0.009222308,0.0027706083,5.7636422e-05
321,2023-10-05,0.44270837,0.0341297,-0.48359337,0.024597848,-0.026855389,0.029865615,0.05356753,0.002039311,0.06541441,0.0031852704,0.101326235,0.0050524585,0.112519905,0.007893219,0.29107454,0.005048988,0.3074225,0.013751676,0.2130108,0.01490712,0.0010856183,9.975411e-05
322,2023-10-09,0.31925637,0.027366417,-0.4089085,0.01944132,-0.111888245,0.025187284,0.050903205,0.0010979454,0.0652442,0.0014042156,0.09693925,0.0016624935,0.11924371,0.0035418824,0.23127139,0.008125497,0.28946427,0.0057080905,0.21886857,0.007174727,0.0012630075,7.314988e-05
323,2023-10-13,0.24917549,0.03462778,-0.32109234,0.027625872,-0.12435724,0.03493371,0.052754365,0.0027373584,0.0714129,0.0026489606,0.11093402,0.0016519625,0.1297652,0.0032232814,0.2162882,0.011729011,0.27746794,0.0057805595,0.22269714,0.009154496,0.001137611,8.554951e-05
324,2023-10-17,0.2406224,0.028404886,-0.35107863,0.02048567,-0.13953708,0.023064146,0.053867888,0.0016341885,0.068476886,0.0017312658,0.1004267,0.0017342106,0.12801962,0.0039083892,0.20926847,0.0073702196,0.2770819,0.0056323553,0.22516975,0.0077891485,0.001240068,4.9033588e-05
325,2023-10-21,0.2406224,0.028404886,-0.35107863,0.02048567,-0.13953708,0.023064146,0.053867888,0.0016341885,0.068476886,0.0017312658,0.1004267,0.0017342106,0.12801962,0.0039083892,0.20926847,0.0073702196,0.2770819,0.0056323553,0.22516975,0.0077891485,0.001240068,4.9033588e-05
326,2023-10-25,,,,,,,,,,,,,,,,,,,,,,
327,2023-10-29,0.24902914,0.027084712,-0.35679546,0.021919023,-0.13915887,0.024978336,0.051270757,0.002373301,0.064690016,0.0017945535,0.09160198,0.0021947837,0.116196,0.0034140965,0.19347282,0.009116329,0.25581276,0.0034416725,0.19933717,0.0054852073,0.0012857404,6.9542024e-05
328,2023-11-01,0.2865673,0.02288003,-0.3840155,0.020507233,-0.11307313,0.020539895,0.050167747,0.0015688736,0.058902856,0.0017903362,0.08938818,0.0025347683,0.11139729,0.0036290481,0.20108256,0.00978462,0.25222072,0.008115319,0.18957894,0.011262852,0.0016296784,5.2481773e-05
329,2023-11-05,0.26606494,0.031613648,-0.29982346,0.022528837,-0.08478296,0.021783097,0.037972115,0.0024416808,0.054995157,0.00052680256,0.0956614,0.003961639,0.1030249,0.006271483,0.17776039,0.009785267,0.2104306,0.0031555165,0.15701635,0.0028012209,0.00097213604,0.0001245847
330,2023-11-09,0.30008784,0.024398467,-0.37292522,0.020845354,-0.11365167,0.023227146,0.043417964,0.0011076241,0.05278958,0.0009679999,0.080538996,0.0009964035,0.09493174,0.0012132511,0.17664234,0.009493576,0.22170058,0.00415816,0.16416465,0.0041585057,0.0012226088,0.00010893413
331,2023-11-13,0.306852,0.018774508,-0.39020905,0.016556846,-0.09749585,0.02217031,0.039425086,0.0024986416,0.056526586,0.0013894199,0.09275524,0.00135937,0.112174556,0.0020897912,0.21160403,0.00645677,0.25730938,0.0064183837,0.20617403,0.0078042275,0.0014055669,8.059426e-05
332,2023-11-17,0.35075384,0.023531763,-0.4128273,0.013317298,-0.048829265,0.014950123,0.025409983,0.009691552,0.045107,0.004099705,0.0871718,0.0014907486,0.10086461,0.0043713436,0.2098246,0.005271119,0.23131286,0.0026256233,0.18503849,0.0052761924,0.0012811478,3.9318766e-05
333,2023-11-21,0.35948178,0.016296905,-0.41638154,0.012886771,-0.048786562,0.01655022,0.031008264,0.0025417223,0.050673477,0.00174325,0.08736533,0.0010360974,0.09990038,0.0018565214,0.21211119,0.0047809137,0.23383844,0.0032338975,0.1902733,0.0063358764,0.0012508077,6.25149e-05
334,2023-11-25,0.35948178,0.016296905,-0.41638154,0.012886771,-0.048786562,0.01655022,0.031008264,0.0025417223,0.050673477,0.00174325,0.08736533,0.0010360974,0.09990038,0.0018565214,0.21211119,0.0047809137,0.23383844,0.0032338975,0.1902733,0.0063358764,0.0012508077,6.25149e-05
335,2023-11-29,,,,,,,,,,,,,,,,,,,,,,
